{"loss":0.43751208297908306,"validation loss":0.008960399776697159,"learning rate":0.0005,"_wandb":{"runtime":21853},"_timestamp":1.737087758942222e+09,"_runtime":21853.373429187,"_step":99}